Date,ASELS.IS,SISE.IS,TUPRS.IS
2020-01-02,5.248263835906982,4.736390590667725,12.268352508544922
2020-01-03,5.296904563903809,4.683072566986084,12.047905921936035
2020-01-06,5.369863986968994,4.549778461456299,11.856213569641113
2020-01-07,5.452552795410156,4.549778461456299,11.779535293579102
2020-01-08,5.41850471496582,4.523119926452637,11.539918899536133
2020-01-09,5.559560298919678,4.683072566986084,11.990398406982422
2020-01-10,5.520648956298828,4.718618392944336,12.009566307067871
2020-01-13,5.56928825378418,4.7985944747924805,12.047905921936035
2020-01-14,5.6617045402526855,4.816366672515869,11.884965896606445
2020-01-15,5.588744640350342,4.807480335235596,11.837042808532715
2020-01-16,5.56928825378418,4.7985944747924805,11.731612205505371
2020-01-17,5.56928825378418,4.780822277069092,11.607010841369629
2020-01-20,5.613065242767334,4.7985944747924805,11.68368911743164
2020-01-21,5.617928981781006,4.816366672515869,11.645349502563477
2020-01-22,5.613065242767334,4.745276927947998,11.645349502563477
2020-01-23,5.559560298919678,4.656413555145264,11.568674087524414
2020-01-24,5.57415246963501,4.603096008300781,11.463241577148438
2020-01-27,5.676296234130859,4.523119926452637,11.108610153198242
2020-01-28,5.656840801239014,4.487574577331543,11.070272445678711
2020-01-29,5.666568279266357,4.469802379608154,10.945671081542969
2020-01-30,5.75412130355835,4.4164838790893555,11.04151725769043
2020-01-31,5.720073223114014,4.958547592163086,10.811485290527344
2020-02-03,5.686024188995361,4.967433929443359,10.773146629333496
2020-02-04,5.977865219116211,4.99409294128418,10.85940933227539
2020-02-05,5.929225444793701,4.896344184875488,10.93608570098877
2020-02-06,5.934088706970215,4.967433929443359,10.897747993469238
2020-02-07,5.938952445983887,4.914116382598877,10.840241432189941
2020-02-10,5.861129283905029,4.807480335235596,10.610208511352539
2020-02-11,6.021642208099365,4.851912498474121,10.811485290527344
2020-02-12,6.799881458282471,4.887457370758057,11.02234935760498
2020-02-13,6.863114833831787,4.825252532958984,10.75397777557373
2020-02-14,7.072266578674316,4.860798358917236,10.54311466217041
2020-02-17,7.018762588500977,4.816366672515869,10.734808921813965
2020-02-18,7.09658670425415,4.780822277069092,10.54311466217041
2020-02-19,7.252234935760498,4.780822277069092,10.638961791992188
2020-02-20,6.892298698425293,4.603096008300781,10.571868896484375
2020-02-21,7.018762588500977,4.611982345581055,10.696470260620117
2020-02-24,6.960394859313965,4.549778461456299,10.600625038146973
2020-02-25,7.067403316497803,4.603096008300781,10.49519157409668
2020-02-26,7.052811145782471,4.629754543304443,10.466439247131348
2020-02-27,6.833930492401123,4.505346775054932,9.862605094909668
2020-02-28,6.726922035217285,4.265417098999023,9.699666023254395
2020-03-02,6.867978096008301,4.40759801864624,9.728421211242676
2020-03-03,7.38356351852417,4.425370693206787,9.766758918762207
2020-03-04,7.252234935760498,4.4342570304870605,9.603818893432617
2020-03-05,7.38356351852417,4.4164838790893555,9.560688972473145
2020-03-06,7.252234935760498,4.2831902503967285,9.10541820526123
2020-03-09,6.741514682769775,3.9543967247009277,8.976024627685547
2020-03-10,6.337802410125732,3.847762107849121,8.870594024658203
2020-03-11,6.337802410125732,3.847762107849121,8.870594024658203
2020-03-12,5.938952445983887,3.4123342037200928,8.051106452941895
2020-03-13,6.182154178619385,3.590059995651245,8.204461097717285
2020-03-16,5.57415246963501,3.314584732055664,7.571874141693115
2020-03-17,5.321224689483643,3.296812057495117,6.987210273742676
2020-03-18,5.311496734619141,3.376788854598999,6.670916557312012
2020-03-19,5.126663684844971,3.421219825744629,6.431301116943359
2020-03-20,5.185031414031982,3.4478790760040283,6.584655284881592
2020-03-23,5.053703308105469,3.3412435054779053,6.6277852058410645
2020-03-24,5.554696559906006,3.50119686126709,7.0782647132873535
2020-03-25,5.6957526206970215,3.5456278324127197,7.212448596954346
2020-03-26,5.890312194824219,3.607832193374634,7.52394962310791
2020-03-27,5.608200550079346,3.527855634689331,7.327465534210205
2020-03-30,5.651976585388184,3.5100834369659424,7.140564441680908
2020-03-31,5.739529132843018,3.678922414779663,7.269958972930908
2020-04-01,5.564424514770508,3.7233541011810303,7.476027011871338
2020-04-02,5.617928981781006,3.7233541011810303,7.921713352203369
2020-04-03,5.656840801239014,3.7144672870635986,8.137368202209473
2020-04-06,5.778440475463867,3.803330659866333,8.175705909729004
2020-04-07,5.934088706970215,3.803330659866333,8.645354270935059
2020-04-08,6.060553073883057,3.803330659866333,8.712448120117188
2020-04-09,6.133513927459717,3.936624050140381,9.124588012695312
2020-04-10,6.1140570640563965,4.096578121185303,8.923310279846191
2020-04-13,6.065417289733887,4.123237133026123,8.674107551574707
2020-04-14,6.634506702423096,4.185440540313721,8.731616020202637
2020-04-15,6.386442184448242,4.105463981628418,8.3817777633667
2020-04-16,6.503177642822266,4.229872703552246,8.161330223083496
2020-04-17,6.59559440612793,4.336507320404053,8.3721923828125
2020-04-20,6.663689613342285,4.4164838790893555,8.333853721618652
2020-04-21,6.5566816329956055,4.496460437774658,8.094236373901367
2020-04-22,6.5274977684021,4.629754543304443,8.204461097717285
2020-04-24,6.478857517242432,4.603096008300781,8.21883773803711
2020-04-27,6.6831464767456055,4.585323333740234,8.228422164916992
2020-04-28,6.644233703613281,4.469802379608154,8.26676082611084
2020-04-29,6.6734185218811035,4.318735122680664,8.539922714233398
2020-04-30,6.610186576843262,4.345393657684326,8.664523124694824
2020-05-04,6.435081958770752,4.265417098999023,8.295514106750488
2020-05-05,6.5810017585754395,4.2387590408325195,8.31468391418457
2020-05-06,6.537225246429443,4.265417098999023,8.161330223083496
2020-05-07,6.542089939117432,4.274303913116455,8.146953582763672
2020-05-08,6.4496750831604,4.274303913116455,8.146953582763672
2020-05-11,6.5177693367004395,4.247644901275635,8.132575988769531
2020-05-12,6.678281784057617,4.327620983123779,8.161330223083496
2020-05-13,6.984714508056641,4.336507320404053,8.094236373901367
2020-05-14,7.09658670425415,4.2387590408325195,7.916922092437744
2020-05-15,7.0284905433654785,4.265417098999023,7.849828243255615
2020-05-18,7.111178874969482,4.336507320404053,7.825867176055908
2020-05-20,7.164682865142822,4.469802379608154,7.7348127365112305
2020-05-21,7.1792755126953125,4.4786882400512695,7.595836162567139
2020-05-22,7.125770568847656,4.469802379608154,7.6916823387146
2020-05-27,7.31060266494751,4.505346775054932,8.046314239501953
2020-05-28,7.320331573486328,4.505346775054932,8.199668884277344
2020-05-29,7.339787483215332,4.498236179351807,8.209253311157227
2020-06-01,7.748363971710205,4.534806728363037,8.52075481414795
2020-06-02,7.933196067810059,4.598806381225586,8.602224349975586
2020-06-03,7.733770847320557,4.6079487800598145,8.444076538085938
2020-06-04,7.704588413238525,4.671948432922363,8.300307273864746
2020-06-05,7.758091449737549,4.662805557250977,8.55909252166748
2020-06-08,7.680267333984375,4.62623405456543,8.55909252166748
2020-06-09,7.689995765686035,4.543949127197266,8.515962600708008
2020-06-10,7.835916519165039,4.589663028717041,8.487208366394043
2020-06-11,7.845643520355225,4.562235355377197,8.338645935058594
2020-06-12,7.821323871612549,4.5805206298828125,8.3817777633667
2020-06-15,7.782412052154541,4.562235355377197,8.247591972351074
2020-06-16,7.904012203216553,4.644519329071045,8.3721923828125
2020-06-17,7.762955665588379,4.708519458770752,8.290722846984863
2020-06-18,7.928332328796387,4.81823205947876,8.338645935058594
2020-06-19,7.923468589782715,4.754232883453369,8.491999626159668
2020-06-22,7.874828338623047,4.955373287200928,8.635769844055176
2020-06-23,7.835916519165039,5.101657390594482,8.597432136535645
2020-06-24,7.660811901092529,5.019372940063477,8.549508094787598
2020-06-25,7.636491775512695,4.946230411529541,8.51116943359375
2020-06-26,7.655947685241699,4.973659038543701,8.563885688781738
2020-06-29,7.811595916748047,5.019372940063477,8.611809730529785
2020-06-30,7.904012203216553,5.065086841583252,8.626185417175293
2020-07-01,7.962380409240723,5.092515468597412,8.3817777633667
2020-07-02,7.996428966522217,5.357655048370361,8.434493064880371
2020-07-03,7.855371952056885,5.238799095153809,8.319476127624512
2020-07-06,7.904012203216553,5.485652923583984,8.333853721618652
2020-07-07,7.923468589782715,5.924505710601807,8.51116943359375
2020-07-08,7.879692554473877,5.851363658905029,8.448869705200195
2020-07-09,7.777548313140869,5.842220783233643,8.295514106750488
2020-07-10,7.724044322967529,5.604509353637695,8.214045524597168
2020-07-13,7.865100860595703,5.741650581359863,8.400946617126465
2020-07-14,7.806731700897217,5.75079345703125,8.271553993225098
2020-07-16,8.054795265197754,5.677651882171631,8.329060554504395
2020-07-17,7.9420928955078125,5.668509006500244,8.324267387390137
2020-07-20,8.088444709777832,5.887934684753418,8.271553993225098
2020-07-21,7.927457809448242,5.787364482879639,8.28113842010498
2020-07-22,8.229921340942383,5.732507705688477,8.295514106750488
2020-07-23,8.581168174743652,5.75079345703125,8.410530090332031
2020-07-24,8.561654090881348,5.906219959259033,8.3626070022583
2020-07-27,9.181215286254883,5.814792633056641,8.353023529052734
2020-07-28,8.947051048278809,5.522223949432373,8.094236373901367
2020-07-29,8.605560302734375,5.330226421356201,7.90254545211792
2020-07-30,8.60068130493164,5.275370121002197,7.912128925323486
2020-08-04,8.390909194946289,5.220513820648193,7.576666355133057
2020-08-05,8.254312515258789,5.705079555511475,7.634172439575195
2020-08-06,7.454248905181885,5.275370121002197,7.341842174530029
2020-08-07,8.190892219543457,5.494795799255371,7.480820178985596
2020-08-10,8.78606128692627,5.439939022064209,7.303503513336182
2020-08-11,8.844602584838867,5.778221130371094,7.442480564117432
2020-08-12,8.634830474853516,5.695936679840088,7.452066421508789
2020-08-13,8.58604621887207,5.476510524749756,7.519157886505127
2020-08-14,8.395787239074707,5.476510524749756,7.509573936462402
2020-08-17,8.722641944885254,5.430797100067139,7.74439811706543
2020-08-18,8.639708518981934,5.430797100067139,7.662927627563477
2020-08-19,8.727519989013672,5.732507705688477,8.233214378356934
2020-08-20,8.629950523376465,5.72336483001709,8.832255363464355
2020-08-21,8.464085578918457,5.677651882171631,7.955259799957275
2020-08-24,8.390909194946289,5.613651752471924,8.075067520141602
2020-08-25,8.186015129089355,5.494795799255371,7.945675373077393
2020-08-26,8.278704643249512,5.705079555511475,7.854619979858398
2020-08-27,8.259190559387207,5.677651882171631,8.017560958862305
2020-08-28,8.166499137878418,5.622794151306152,7.955259799957275
2020-08-31,7.937213897705078,5.531367301940918,7.667719841003418
2020-09-01,8.195771217346191,5.668509006500244,7.758774757385254
2020-09-02,8.107959747314453,5.631937503814697,7.677304744720459
2020-09-03,8.283581733703613,5.567937850952148,7.600627422332764
2020-09-04,8.229921340942383,5.72336483001709,7.672513484954834
2020-09-07,8.239676475524902,5.75079345703125,7.7204365730285645
2020-09-08,8.132351875305176,5.686793804168701,7.595836162567139
2020-09-09,8.078688621520996,5.677651882171631,8.12778377532959
2020-09-10,8.0982027053833,5.695936679840088,7.782736778259277
2020-09-11,8.107959747314453,5.705079555511475,7.7731523513793945
2020-09-14,8.156743049621582,5.869649887084961,7.811489582061768
2020-09-15,8.151865005493164,5.814792633056641,7.777944564819336
2020-09-16,8.127472877502441,5.851363658905029,7.763566970825195
2020-09-17,8.112835884094238,5.851363658905029,7.7204365730285645
2020-09-18,8.112835884094238,5.851363658905029,7.730020523071289
2020-09-21,7.898186206817627,5.970219612121582,7.567080020904541
2020-09-22,7.9469709396362305,6.089074611663818,7.600627422332764
2020-09-23,8.005512237548828,6.207931041717529,7.600627422332764
2020-09-24,8.278704643249512,6.244502067565918,7.648550987243652
2020-09-25,8.415301322937012,6.454785346984863,7.706058979034424
2020-09-28,8.527503967285156,7.103921413421631,7.610212326049805
2020-09-29,9.069011688232422,6.756495952606201,7.5862507820129395
2020-09-30,9.49343490600586,6.802209854125977,7.6389665603637695
2020-10-01,9.054374694824219,6.326786994934082,7.634172439575195
2020-10-02,8.986079216003418,6.418214321136475,7.629380226135254
2020-10-05,9.132430076599121,6.43649959564209,7.662927627563477
2020-10-06,9.049497604370117,6.271930694580078,7.677304744720459
2020-10-07,9.0446195602417,6.125646114349365,7.701265811920166
2020-10-08,8.805574417114258,6.207931041717529,7.854619979858398
2020-10-09,8.834847450256348,6.317643165588379,7.979221343994141
2020-10-12,8.820211410522461,6.299358367919922,7.797111988067627
2020-10-13,8.795819282531738,6.1805033683776855,7.701265811920166
2020-10-14,8.805574417114258,6.1805033683776855,8.012768745422363
2020-10-15,8.864115715026855,6.162216663360596,7.806697368621826
2020-10-16,8.829373359680176,6.198788642883301,7.90254545211792
2020-10-19,8.863615989685059,6.271930694580078,7.768359184265137
2020-10-20,8.897856712341309,6.381643772125244,7.7348127365112305
2020-10-21,8.858725547790527,6.372500419616699,7.6916823387146
2020-10-22,8.941883087158203,6.271930694580078,7.634172439575195
2020-10-23,8.829373359680176,6.226216793060303,7.595836162567139
2020-10-26,8.345104217529297,5.759936332702637,7.289125919342041
2020-10-27,8.462502479553223,5.887934684753418,7.432896137237549
2020-10-28,8.511420249938965,5.769078731536865,7.284334659576416
2020-10-30,8.18368148803711,5.613651752471924,7.140564441680908
2020-11-02,8.62881851196289,5.796507358551025,7.236412048339844
2020-11-03,8.472285270690918,5.860506534576416,7.356218338012695
2020-11-04,8.491853713989258,5.8970770835876465,7.442480564117432
2020-11-05,8.501635551452637,6.043361663818359,7.413727760314941
2020-11-06,8.526093482971191,6.034219264984131,7.408935546875
2020-11-09,8.751108169555664,6.189645767211914,7.8929595947265625
2020-11-10,8.809807777404785,6.162216663360596,8.079859733581543
2020-11-11,9.093522071838379,6.271930694580078,8.3817777633667
2020-11-12,8.941883087158203,6.1805033683776855,8.554300308227539
2020-11-13,8.981014251708984,6.217073917388916,8.525546073913574
2020-11-16,8.897856712341309,6.226216793060303,8.535130500793457
2020-11-17,8.65816879272461,6.006790637969971,8.214045524597168
2020-11-18,8.883183479309082,6.107360363006592,8.46324634552002
2020-11-19,8.927206993103027,6.153074264526367,8.611809730529785
2020-11-20,8.976123809814453,6.409071922302246,8.54471492767334
2020-11-23,8.902750015258789,6.454785346984863,8.415323257446289
2020-11-24,8.951664924621582,6.43649959564209,8.640562057495117
2020-11-25,8.897856712341309,6.381643772125244,8.904139518737793
2020-11-26,8.946773529052734,6.418214321136475,8.980817794799805
2020-11-27,8.858725547790527,6.290215969085693,9.0574951171875
2020-11-30,8.5750093460083,6.043361663818359,8.736409187316895
2020-12-01,8.78534984588623,6.3359293937683105,8.918517112731934
2020-12-02,8.721757888793945,6.308501243591309,8.908931732177734
2020-12-03,8.721757888793945,6.381643772125244,8.832255363464355
2020-12-04,8.65816879272461,6.399929046630859,8.995194435119629
2020-12-07,8.62881851196289,6.281073093414307,9.244396209716797
2020-12-08,8.619033813476562,6.509641647338867,9.153340339660645
2020-12-09,8.716867446899414,6.445642948150635,9.153340339660645
2020-12-10,8.623927116394043,6.555356025695801,9.359411239624023
2020-12-11,8.579902648925781,6.60106897354126,9.728421211242676
2020-12-14,8.741326332092285,6.7107834815979,10.03512954711914
2020-12-15,8.71197509765625,6.7107834815979,10.399346351623535
2020-12-16,8.760891914367676,6.5370707511901855,10.428099632263184
2020-12-17,8.741326332092285,6.555356025695801,10.361007690429688
2020-12-18,8.75063419342041,6.5370707511901855,10.322668075561523
2020-12-21,8.843830108642578,6.409071922302246,9.968035697937012
2020-12-22,8.794778823852539,6.518784523010254,10.006375312805176
2020-12-23,8.83401870727539,6.546213150024414,10.322668075561523
2020-12-24,8.848736763000488,6.555356025695801,10.245990753173828
2020-12-25,8.83401870727539,6.582784175872803,10.188484191894531
2020-12-28,8.838923454284668,6.62849760055542,10.332252502441406
2020-12-29,8.78006362915039,6.610212326049805,10.49519157409668
2020-12-30,9.044937133789062,6.65592622756958,10.361007690429688
2020-12-31,8.990981101989746,6.7107834815979,10.4185152053833
2021-01-04,9.005696296691895,6.738211154937744,10.514361381530762
2021-01-05,8.96645736694336,6.646783351898193,10.629377365112305
2021-01-06,9.177372932434082,6.65592622756958,10.725223541259766
2021-01-07,9.295095443725586,6.738211154937744,10.686885833740234
2021-01-08,9.309810638427734,6.793067455291748,10.773146629333496
2021-01-11,9.27547550201416,6.674211502075195,10.581454277038574
2021-01-12,9.265665054321289,6.966779708862305,10.504776000976562
2021-01-13,9.167563438415527,7.2959184646606445,10.428099632263184
2021-01-14,9.093988418579102,7.0582075119018555,10.54311466217041
2021-01-15,8.927216529846191,7.149635314941406,10.226821899414062
2021-01-18,9.040033340454102,7.113063812255859,10.341837882995605
2021-01-19,9.030220985412598,7.259347915649414,10.389761924743652
2021-01-20,8.94193172454834,7.378203868865967,10.4185152053833
2021-01-21,8.868354797363281,7.23192024230957,10.265161514282227
2021-01-22,8.976265907287598,7.140491962432861,10.245990753173828
2021-01-25,8.922309875488281,7.067350387573242,10.015958786010742
2021-01-26,8.99588680267334,6.994207859039307,9.814682006835938
2021-01-27,8.637816429138184,6.7016401290893555,9.48880386352539
2021-01-28,8.686866760253906,6.747354030609131,9.82426643371582
2021-01-29,8.485758781433105,6.610212326049805,9.527143478393555
2021-02-01,8.544620513916016,6.756495952606201,9.512765884399414
2021-02-02,8.574050903320312,6.911923408508301,9.622989654541016
2021-02-03,8.794778823852539,6.9484944343566895,9.709251403808594
2021-02-04,8.706488609313965,7.049064636230469,9.709251403808594
2021-02-05,8.657437324523926,6.994207859039307,9.651741981506348
2021-02-08,8.657437324523926,6.966779708862305,9.661327362060547
2021-02-09,8.858545303344727,7.094778537750244,9.968035697937012
2021-02-10,8.814399719238281,7.039921283721924,9.977620124816895
2021-02-11,8.72610855102539,7.094778537750244,10.1405611038208
2021-02-12,8.657437324523926,7.0307793617248535,9.833849906921387
2021-02-15,8.75063419342041,7.049064636230469,10.083051681518555
2021-02-16,8.574050903320312,6.939352035522461,9.939282417297363
2021-02-17,8.554430961608887,6.857067108154297,9.785927772521973
2021-02-18,8.510286331176758,6.802209854125977,9.738004684448242
2021-02-19,8.696677207946777,6.802209854125977,9.862605094909668
2021-02-22,8.593671798706055,6.82049560546875,9.670912742614746
2021-02-23,8.377848625183105,6.738211154937744,9.75717544555664
2021-02-24,8.534811019897461,6.646783351898193,9.833849906921387
2021-02-25,8.3827543258667,6.619354724884033,9.862605094909668
2021-02-26,8.32879638671875,6.518784523010254,9.690082550048828
2021-03-01,8.446517944335938,6.939352035522461,10.1405611038208
2021-03-02,8.431804656982422,7.067350387573242,10.313082695007324
2021-03-03,8.441614151000977,6.966779708862305,10.1405611038208
2021-03-04,8.426898956298828,7.021636962890625,10.1405611038208
2021-03-05,8.446517944335938,6.994207859039307,10.226821899414062
2021-03-08,8.353322982788086,6.939352035522461,10.303498268127441
2021-03-09,8.42199420928955,6.994207859039307,10.265161514282227
2021-03-10,8.441614151000977,7.0307793617248535,10.226821899414062
2021-03-11,8.407279014587402,7.0582075119018555,10.255576133728027
2021-03-12,8.392563819885254,7.003350257873535,10.284330368041992
2021-03-15,8.475951194763184,7.122206687927246,10.198067665100098
2021-03-16,8.456330299377441,7.140491962432861,10.121391296386719
2021-03-17,8.368038177490234,7.259347915649414,9.87218952178955
2021-03-18,8.279747009277344,7.158777236938477,9.805098533630371
2021-03-19,8.029589653015137,7.039921283721924,9.642158508300781
2021-03-22,7.230062961578369,6.3359293937683105,8.678900718688965
2021-03-23,7.37721586227417,6.46392822265625,8.49679183959961
2021-03-24,7.499842166900635,6.747354030609131,8.827463150024414
2021-03-25,7.387025833129883,6.60106897354126,9.047910690307617
2021-03-26,7.284019470214844,6.756495952606201,8.971232414245605
2021-03-29,7.41645622253418,6.774781703948975,8.889763832092285
2021-03-30,7.367405891418457,6.729068279266357,8.674107551574707
2021-03-31,7.333070278167725,6.65592622756958,8.626185417175293
2021-04-01,7.58322811126709,6.783924579620361,8.851425170898438
2021-04-02,7.602848052978516,6.756495952606201,8.827463150024414
2021-04-05,7.818670749664307,6.8296380043029785,8.846633911132812
2021-04-06,7.617563247680664,6.756495952606201,8.712448120117188
2021-04-07,7.656803607940674,6.756495952606201,8.717240333557129
2021-04-08,7.5587029457092285,6.802209854125977,8.626185417175293
2021-04-09,7.426266670227051,6.665068626403809,8.49679183959961
2021-04-12,7.382120609283447,6.62849760055542,8.338645935058594
2021-04-13,7.357595443725586,6.564498424530029,8.28113842010498
2021-04-14,7.504746913909912,6.7199249267578125,8.535130500793457
2021-04-15,7.426266670227051,6.756495952606201,8.578262329101562
2021-04-16,7.460601329803467,6.7199249267578125,8.554300308227539
2021-04-19,7.33797550201416,6.646783351898193,8.3817777633667
2021-04-20,7.318354606628418,6.60106897354126,8.295514106750488
2021-04-21,7.112342834472656,6.518784523010254,8.146953582763672
2021-04-22,7.136867523193359,6.62849760055542,8.290722846984863
2021-04-26,7.195727825164795,6.692497730255127,8.26676082611084
2021-04-27,7.597943305969238,6.729068279266357,8.290722846984863
2021-04-28,7.308544635772705,6.729068279266357,8.348231315612793
2021-04-29,7.367405891418457,6.783924579620361,8.429699897766113
2021-04-30,7.357595443725586,6.866210460662842,8.410530090332031
2021-05-03,7.411550521850586,7.067350387573242,8.70765495300293
2021-05-04,7.313449382781982,6.98506498336792,8.640562057495117
2021-05-05,7.313449382781982,6.975922584533691,8.750786781311035
2021-05-06,7.249683856964111,6.957636833190918,8.789124488830566
2021-05-07,7.37721586227417,6.9484944343566895,9.258772850036621
2021-05-10,7.406646251678467,7.049064636230469,9.234809875488281
2021-05-11,7.318354606628418,7.003350257873535,9.177303314208984
2021-05-12,7.284019470214844,7.012493133544922,9.45046615600586
2021-05-17,7.440980911254883,7.158777236938477,9.699666023254395
2021-05-18,7.426266670227051,7.369061470031738,9.738004684448242
2021-05-20,7.382120609283447,7.378203868865967,9.603818893432617
2021-05-21,7.43117094039917,7.323347091674805,9.862605094909668
2021-05-24,7.548892974853516,7.359918594360352,9.87218952178955
2021-05-25,7.220253944396973,7.158777236938477,9.479219436645508
2021-05-26,7.37721586227417,7.268490791320801,9.507972717285156
2021-05-27,7.303640365600586,7.186205863952637,9.277942657470703
2021-05-28,7.37721586227417,7.250205039978027,9.354619026184082
2021-05-31,7.308544635772705,7.234548091888428,9.330656051635742
2021-06-01,7.382120609283447,7.309226989746094,9.45046615600586
2021-06-02,7.39193058013916,7.290556907653809,9.728421211242676
2021-06-03,7.372310161590576,7.495924949645996,9.87218952178955
2021-06-04,7.396835803985596,7.53326416015625,9.87218952178955
2021-06-07,7.58322811126709,7.645283222198486,9.862605094909668
2021-06-08,7.568512916564941,7.63594913482666,9.910530090332031
2021-06-09,7.504746913909912,7.598609924316406,9.833849906921387
2021-06-10,7.700949668884277,7.63594913482666,9.881773948669434
2021-06-11,7.656803607940674,7.579939842224121,9.939282417297363
2021-06-14,7.750000476837158,7.570603847503662,9.968035697937012
2021-06-15,7.6322784423828125,7.561269760131836,9.862605094909668
2021-06-16,7.539082050323486,7.579939842224121,9.87218952178955
2021-06-17,7.401741027832031,7.551934719085693,9.958453178405762
2021-06-18,7.313449382781982,7.402575492858887,9.738004684448242
2021-06-21,7.475317001342773,7.42124605178833,9.54631233215332
2021-06-22,7.524367332458496,7.430581092834473,9.632574081420898
2021-06-23,7.4360761642456055,7.477255344390869,9.603818893432617
2021-06-24,7.460601329803467,7.402575492858887,9.59423542022705
2021-06-25,7.372310161590576,7.318562030792236,9.426504135131836
2021-06-28,7.308544635772705,7.234548091888428,9.239602088928223
2021-06-29,7.3625006675720215,7.225213050842285,9.158133506774902
2021-06-30,7.220253944396973,7.131863594055176,9.081457138061523
2021-07-01,7.298734664916992,7.24388313293457,9.215641975402832
2021-07-02,7.225158214569092,7.206543445587158,9.167717933654785
2021-07-05,7.372310161590576,7.234548091888428,9.354619026184082
2021-07-06,7.269303798675537,7.24388313293457,9.215641975402832
2021-07-07,7.293829441070557,7.309226989746094,9.234809875488281
2021-07-08,7.234968662261963,7.169203758239746,9.129379272460938
2021-07-09,7.259494304656982,7.206543445587158,9.258772850036621
2021-07-12,7.07310152053833,7.094524383544922,9.0574951171875
2021-07-13,6.975000381469727,7.047850131988525,9.009571075439453
2021-07-14,7.102531433105469,7.094524383544922,9.10541820526123
2021-07-16,7.092721939086914,7.038515090942383,9.081457138061523
2021-07-19,7.092721939086914,6.954501152038574,8.990402221679688
2021-07-26,7.146677494049072,6.963835716247559,8.822670936584473
2021-07-27,7.239873886108398,6.991840362548828,8.851425170898438
2021-07-28,7.288924217224121,6.973170757293701,8.808293342590332
2021-07-29,7.485126972198486,7.150534152984619,9.019155502319336
2021-07-30,7.607753753662109,7.0851898193359375,8.990402221679688
2021-08-02,7.867722034454346,7.206543445587158,9.158133506774902
2021-08-03,7.936392784118652,7.271887302398682,9.115002632141113
2021-08-04,7.789240837097168,7.281222820281982,9.062287330627441
2021-08-05,7.867722034454346,7.346566200256348,9.36899471282959
2021-08-06,7.8333868980407715,7.467920780181885,9.407334327697754
2021-08-09,7.759809970855713,7.63594913482666,9.402542114257812
2021-08-10,7.799050807952881,7.831981182098389,9.551104545593262
2021-08-11,7.504746913909912,7.78530740737915,9.249188423156738
2021-08-12,7.602848052978516,7.859986305236816,9.421710968017578
2021-08-13,7.578322887420654,8.112027168273926,9.642158508300781
2021-08-16,7.568512916564941,8.065353393554688,9.642158508300781
2021-08-17,7.568512916564941,8.149368286132812,9.843435287475586
2021-08-18,7.485126972198486,8.093358993530273,9.747589111328125
2021-08-19,7.494936466217041,8.112027168273926,9.622989654541016
2021-08-20,7.543987274169922,8.121363639831543,9.503180503845215
2021-08-23,7.666614532470703,8.429414749145508,9.584650039672852
2021-08-24,7.681329250335693,8.3454008102417,9.603818893432617
2021-08-25,7.715664863586426,8.336066246032715,9.536726951599121
2021-08-26,7.6911396980285645,8.233381271362305,9.479219436645508
2021-08-27,7.754905700683594,8.373406410217285,9.54631233215332
2021-08-31,7.794146537780762,8.308060646057129,9.747589111328125
2021-09-01,7.705854892730713,8.214713096618652,9.92969799041748
2021-09-02,7.715664863586426,8.270721435546875,10.063882827758789
2021-09-03,7.700949668884277,8.177372932434082,9.939282417297363
2021-09-06,7.696044445037842,8.149368286132812,9.996789932250977
2021-09-07,7.553797721862793,8.046685218811035,9.891359329223633
2021-09-08,7.445886611938477,8.018678665161133,9.785927772521973
2021-09-09,7.5194621086120605,8.074688911437988,9.996789932250977
2021-09-10,7.41645622253418,7.972005367279053,9.853020668029785
2021-09-13,7.411550521850586,8.02801513671875,9.92969799041748
2021-09-14,7.33797550201416,7.934666633605957,10.226821899414062
2021-09-15,7.239873886108398,7.822647571563721,10.466439247131348
2021-09-16,7.215348243713379,7.775972366333008,10.361007690429688
2021-09-17,7.288924217224121,7.775972366333008,10.4185152053833
2021-09-20,7.347784519195557,7.654618263244629,10.303498268127441
2021-09-21,7.225158214569092,7.626614093780518,10.514361381530762
2021-09-22,7.308544635772705,7.63594913482666,10.619793891906738
2021-09-23,7.308544635772705,7.691957950592041,10.658130645751953
2021-09-24,7.200633525848389,7.645283222198486,10.619793891906738
2021-09-27,7.230062961578369,7.617279052734375,10.734808921813965
2021-09-28,7.171203136444092,7.48659086227417,10.821070671081543
2021-09-29,7.234968662261963,7.626614093780518,10.801901817321777
2021-09-30,7.426266670227051,7.645283222198486,10.984009742736816
2021-10-01,7.387025833129883,7.645283222198486,10.878578186035156
2021-10-04,7.465506553649902,7.598609924316406,11.118195533752441
2021-10-05,7.39193058013916,7.561269760131836,11.587841033935547
2021-10-06,7.2742085456848145,7.383906364440918,11.405733108520508
2021-10-07,7.607753753662109,7.48659086227417,11.7987060546875
2021-10-08,7.73528528213501,7.48659086227417,11.7891206741333
2021-10-11,7.759809970855713,7.579939842224121,12.057490348815918
2021-10-12,8.014873504638672,7.579939842224121,12.172506332397461
2021-10-13,7.99525260925293,7.5892744064331055,11.769950866699219
2021-10-14,8.127691268920898,7.570603847503662,11.980812072753906
2021-10-15,8.088449478149414,7.523930549621582,12.3641996383667
2021-10-18,7.980538368225098,7.617279052734375,12.412123680114746
2021-10-19,8.044303894042969,7.607943534851074,12.479215621948242
2021-10-20,7.99525260925293,7.617279052734375,12.6421537399292
2021-10-21,8.147310256958008,7.803976535797119,13.063879013061523
2021-10-22,8.191455841064453,7.972005367279053,13.341833114624023
2021-10-25,8.181646347045898,8.009345054626465,13.591032981872559
2021-10-26,8.323893547058105,8.168037414550781,13.399341583251953
2021-10-27,8.083544731140137,8.19604206085205,13.543111801147461
2021-10-28,8.059019088745117,8.084024429321289,13.399341583251953
2021-11-01,8.083544731140137,7.962669849395752,13.207648277282715
2021-11-02,8.0050630569458,8.046685218811035,13.447263717651367
2021-11-03,7.965822219848633,8.168037414550781,13.67729663848877
2021-11-04,8.181646347045898,8.28939151763916,13.67729663848877
2021-11-05,8.201265335083008,8.224047660827637,13.926497459411621
2021-11-08,8.299367904663086,8.373406410217285,14.146944999694824
2021-11-09,8.4367094039917,8.672122955322266,14.66451358795166
2021-11-10,8.377848625183105,8.933499336242676,15.134160041809082
2021-11-11,8.431804656982422,8.8401517868042,14.999978065490723
2021-11-12,8.515191078186035,8.924164772033691,14.913717269897461
2021-11-15,8.838923454284668,9.278890609741211,14.750777244567871
2021-11-16,8.740822792053223,9.297560691833496,14.750777244567871
2021-11-17,8.883070945739746,9.726966857910156,15.162917137145996
2021-11-18,9.143037796020508,10.371074676513672,15.124577522277832
2021-11-19,9.279426574707031,10.501763343811035,14.865792274475098
2021-11-22,9.249715805053711,10.464424133300781,15.153332710266113
2021-11-23,9.55176830291748,11.155206680297852,16.188472747802734
2021-11-24,10.398504257202148,11.192545890808105,15.325855255126953
2021-11-25,10.537149429321289,11.127202033996582,15.047901153564453
2021-11-26,10.240050315856934,11.14587116241455,14.281128883361816
2021-11-29,11.260092735290527,11.4725923538208,14.894547462463379
2021-11-30,10.76492691040039,11.715301513671875,14.539917945861816
2021-12-01,10.814443588256836,12.107366561889648,15.067070960998535
2021-12-02,10.84415340423584,12.434086799621582,14.952054023742676
2021-12-03,10.873863220214844,12.368743896484375,14.856206893920898
2021-12-06,11.161060333251953,12.452756881713867,15.047901153564453
2021-12-07,11.428450584411621,13.694299697875977,15.65173625946045
2021-12-08,11.83448600769043,13.899666786193848,15.690070152282715
2021-12-09,12.398978233337402,14.37574577331543,15.795503616333008
2021-12-10,12.131587982177734,14.73980712890625,16.581445693969727
2021-12-13,12.755497932434082,15.0665283203125,18.07665252685547
2021-12-14,12.96346664428711,15.486600875854492,18.325851440429688
2021-12-15,12.63665771484375,15.150543212890625,18.555885314941406
2021-12-16,13.537860870361328,16.532108306884766,19.773134231567383
2021-12-17,12.191007614135742,14.879831314086914,17.88495635986328
2021-12-20,11.983036994934082,15.290566444396973,17.702850341796875
2021-12-21,10.784734725952148,13.768978118896484,15.939273834228516
2021-12-22,9.942949295043945,12.396748542785645,14.348221778869629
2021-12-23,9.819157600402832,12.03268814086914,13.696467399597168
2021-12-24,10.7055082321167,12.882163047790527,14.81787109375
2021-12-27,10.804539680480957,12.64879035949707,14.645345687866211
2021-12-28,10.477729797363281,12.518101692199707,14.338637351989746
2021-12-29,10.715410232543945,12.928836822509766,14.97122573852539
2021-12-30,10.457923889160156,12.574111938476562,14.626176834106445
2021-12-31,10.339082717895508,12.490097045898438,14.798699378967285
2022-01-03,10.794637680053711,12.938172340393066,15.939273834228516
2022-01-04,11.141253471374512,13.311568260192871,16.245981216430664
2022-01-05,11.398740768432617,13.451590538024902,17.146940231323242
2022-01-06,11.51758098602295,13.86232852935791,17.913711547851562
2022-01-07,11.61661434173584,13.871663093566895,17.913711547851562
2022-01-10,11.983036994934082,13.909002304077148,17.93288230895996
2022-01-11,11.884004592895508,13.778313636779785,17.952049255371094
2022-01-12,11.963231086730957,14.17971420288086,18.134159088134766
2022-01-13,12.032553672790527,14.049025535583496,18.124574661254883
2022-01-14,11.953326225280762,14.067694664001465,17.88495635986328
2022-01-17,11.992939949035645,13.927671432495117,18.124574661254883
2022-01-18,11.289803504943848,13.236888885498047,17.137357711791992
2022-01-19,11.497773170471191,13.274230003356934,17.90412712097168
2022-01-20,11.161060333251953,12.872828483581543,17.290708541870117
2022-01-21,11.042219161987305,12.994181632995605,17.17569351196289
2022-01-24,10.339082717895508,12.182045936584473,15.948858261108398
2022-01-25,10.477729797363281,12.471426963806152,16.10221290588379
2022-01-26,10.576763153076172,12.471426963806152,16.006366729736328
2022-01-27,11.042219161987305,12.891498565673828,16.504770278930664
2022-01-28,10.854057312011719,12.658125877380371,16.1693058013916
2022-01-31,10.69560432434082,12.882163047790527,16.40892219543457
2022-02-01,10.646086692810059,13.190214157104492,16.217227935791016
2022-02-02,10.52724552154541,12.994181632995605,16.245981216430664
2022-02-03,10.269760131835938,12.64879035949707,16.044706344604492
2022-02-04,10.160823822021484,12.499431610107422,15.862595558166504
2022-02-07,10.428213119506836,12.900832176208496,16.43767547607422
2022-02-08,10.438116073608398,13.171545028686523,17.607004165649414
2022-02-09,10.586665153503418,13.311568260192871,17.87537384033203
2022-02-10,10.497536659240723,12.994181632995605,18.21083641052246
2022-02-11,10.76492691040039,12.94750690460205,18.948854446411133
2022-02-14,10.814443588256836,12.452756881713867,18.57505226135254
2022-02-15,10.774829864501953,12.574111938476562,18.661314010620117
2022-02-16,11.02241325378418,12.574111938476562,18.747575759887695
2022-02-17,10.745121002197266,12.210049629211426,18.30668067932129
2022-02-18,10.725313186645508,12.406083106994629,18.431283950805664
2022-02-21,10.7055082321167,12.32206916809082,18.153329849243164
2022-02-22,10.63618278503418,12.107366561889648,17.645341873168945
2022-02-23,10.398504257202148,12.014017105102539,17.62617301940918
2022-02-24,9.358652114868164,10.959173202514648,15.996780395507812
2022-02-25,10.170727729797363,11.481927871704102,17.242788314819336
2022-02-28,11.0125093460083,11.556608200073242,18.488792419433594
2022-03-01,11.884004592895508,11.397912979125977,18.507959365844727
2022-03-02,11.369029998779297,11.276559829711914,18.431283950805664
2022-03-03,11.794873237609863,11.425917625427246,18.843421936035156
2022-03-04,11.983036994934082,11.257889747619629,18.737991333007812
2022-03-07,12.032553672790527,11.33257007598877,18.507959365844727
2022-03-08,12.834723472595215,12.051356315612793,18.747575759887695
2022-03-09,12.379169464111328,12.228720664978027,18.78591537475586
2022-03-10,12.091974258422852,12.28472900390625,19.73479652404785
2022-03-11,12.052360534667969,12.630121231079102,19.638946533203125
2022-03-14,11.933521270751953,12.919503211975098,19.43766975402832
2022-03-15,11.86419677734375,12.68613052368164,18.594221115112305
2022-03-16,11.606710433959961,12.564776420593262,18.402530670166016
2022-03-17,11.775067329406738,12.798149108886719,19.006362915039062
2022-03-18,11.537386894226074,12.751473426818848,18.78591537475586
2022-03-21,11.963231086730957,13.162210464477539,19.54310417175293
2022-03-22,12.032553672790527,13.395583152770996,19.80188751220703
2022-03-23,11.844389915466309,13.208884239196777,19.715625762939453
2022-03-24,11.68593692779541,13.358242988586426,19.67728614807129
2022-03-25,11.804776191711426,13.29289722442627,19.773134231567383
2022-03-28,11.676033973693848,13.255558967590332,19.67728614807129
2022-03-29,11.844389915466309,14.09570026397705,19.782718658447266
2022-03-30,12.07216739654541,14.12370491027832,19.782718658447266
2022-03-31,11.953326225280762,14.198384284973145,20.54949188232422
2022-04-01,12.270234107971191,14.347743034362793,21.795495986938477
2022-04-04,12.547528266906738,15.187883377075195,23.18526840209961
2022-04-05,12.88424015045166,15.439925193786621,23.099008560180664
2022-04-06,12.646561622619629,15.215887069702148,23.07025718688965
2022-04-07,12.923853874206543,15.5706148147583,22.84980583190918
2022-04-08,13.815154075622559,15.775983810424805,23.405717849731445
2022-04-11,13.854767799377441,15.925339698791504,23.64533233642578
2022-04-12,13.765637397766113,16.121376037597656,24.277921676635742
2022-04-13,13.795348167419434,16.20538902282715,24.555875778198242
2022-04-14,13.775541305541992,16.19605255126953,24.843414306640625
2022-04-15,13.636895179748535,16.261396408081055,24.891338348388672
2022-04-18,13.943897247314453,16.8681640625,24.10539436340332
2022-04-19,13.726024627685547,16.774816513061523,24.517539978027344
2022-04-20,13.795348167419434,16.952180862426758,24.39293670654297
2022-04-21,14.12215805053711,17.064199447631836,24.68047332763672
2022-04-22,13.36950397491455,16.644128799438477,24.345012664794922
2022-04-25,13.36950397491455,16.737476348876953,24.86258316040039
2022-04-26,12.676271438598633,16.43876075744629,23.482393264770508
2022-04-27,12.448493957519531,16.634794235229492,23.530315399169922
2022-04-28,12.260330200195312,16.532108306884766,22.811466217041016
2022-04-29,12.131587982177734,16.914840698242188,22.447250366210938
2022-05-05,12.210814476013184,17.55894660949707,23.51114845275879
2022-05-06,11.933521270751953,18.100372314453125,24.46002769470215
2022-05-09,11.75525951385498,17.979019165039062,23.51114845275879
2022-05-10,11.83448600769043,18.32440757751465,23.990381240844727
2022-05-11,11.814681053161621,18.632461547851562,24.13414764404297
2022-05-12,11.210576057434082,18.296405792236328,24.18207550048828
2022-05-13,11.369029998779297,18.399089813232422,24.555875778198242
2022-05-16,11.190771102905273,18.016357421875,24.603797912597656
2022-05-17,11.13135051727295,18.585786819458008,24.632553100585938
2022-05-18,11.0125093460083,18.585786819458008,24.05747413635254
2022-05-20,11.279901504516602,18.12837791442871,23.76993179321289
2022-05-23,11.68593692779541,18.063034057617188,23.827442169189453
2022-05-24,11.418546676635742,18.501773834228516,23.424884796142578
2022-05-25,11.715646743774414,19.64063262939453,23.90411949157715
2022-05-26,11.874100685119629,19.50994110107422,24.450443267822266
2022-05-27,11.636420249938965,19.043195724487305,23.99996566772461
2022-05-30,11.973134994506836,19.659299850463867,24.824247360229492
2022-05-31,12.111780166625977,19.971601486206055,25.983989715576172
2022-06-01,12.329652786254883,19.952560424804688,26.012739181518555
2022-06-02,12.299943923950195,20.00967788696289,25.97440528869629
2022-06-03,12.052360534667969,19.819290161132812,26.29069709777832
2022-06-06,12.2900390625,20.82834243774414,26.980791091918945
2022-06-07,12.191007614135742,21.97066307067871,27.450439453125
2022-06-08,11.577000617980957,20.80930519104004,25.993572235107422
2022-06-09,11.735454559326172,21.85643196105957,26.712419509887695
2022-06-10,11.507676124572754,21.15199851989746,25.78270721435547
2022-06-13,11.289803504943848,21.09488296508789,26.031911849975586
2022-06-14,11.527483940124512,20.885459899902344,25.916894912719727
2022-06-15,11.51758098602295,20.752187728881836,25.629358291625977
2022-06-16,11.269997596740723,20.047754287719727,25.2843074798584
2022-06-17,11.507676124572754,20.847379684448242,25.725204467773438
2022-06-20,11.804776191711426,21.323348999023438,24.958431243896484
2022-06-21,11.973134994506836,21.53277587890625,25.61977195739746
2022-06-22,11.75525951385498,21.13296127319336,25.543092727661133
2022-06-23,11.537386894226074,20.523723602294922,25.552677154541016
2022-06-24,12.161297798156738,20.714111328125,25.581430435180664
2022-06-27,11.874100685119629,20.752187728881836,26.137340545654297
2022-06-28,11.487871170043945,20.390451431274414,25.610185623168945
2022-06-29,11.23038387298584,19.68602180480957,25.140541076660156
2022-06-30,11.319513320922852,20.46660614013672,25.351402282714844
2022-07-01,11.32941722869873,20.31429672241211,25.734786987304688
2022-07-04,11.071929931640625,20.181026458740234,25.351402282714844
2022-07-05,10.715410232543945,19.990638732910156,24.46002769470215
2022-07-06,10.913477897644043,20.333337783813477,23.463224411010742
2022-07-07,10.933283805847168,20.390451431274414,23.444055557250977
2022-07-08,10.992704391479492,20.485645294189453,23.30028533935547
2022-07-13,10.873863220214844,19.819290161132812,22.351404190063477
2022-07-14,10.7055082321167,19.362361907958984,21.83383560180664
2022-07-18,10.883767127990723,19.666980743408203,23.338624954223633
2022-07-19,11.042219161987305,20.1619873046875,23.444055557250977
2022-07-20,10.982800483703613,20.1619873046875,24.39293670654297
2022-07-21,11.052123069763184,20.12390899658203,23.875364303588867
2022-07-22,11.071929931640625,19.933523178100586,23.77952003479004
2022-07-25,11.13135051727295,20.219104766845703,24.24916648864746
2022-07-26,11.02241325378418,20.028717041015625,24.709232330322266
2022-07-27,11.062026977539062,20.12390899658203,24.67089080810547
2022-07-28,10.943187713623047,20.219104766845703,24.66130256652832
2022-07-29,10.992704391479492,20.771224975585938,25.725204467773438
2022-08-01,11.428450584411621,21.989702224731445,26.16609764099121
2022-08-02,11.250189781188965,21.76123809814453,25.955232620239258
2022-08-03,11.487871170043945,22.161052703857422,26.16609764099121
2022-08-04,11.577000617980957,22.61798095703125,25.916894912719727
2022-08-05,11.666130065917969,22.275283813476562,25.78270721435547
2022-08-08,11.884004592895508,22.751251220703125,26.214017868041992
2022-08-09,11.86419677734375,22.446632385253906,27.287500381469727
2022-08-10,11.884004592895508,22.846445083618164,27.249160766601562
2022-08-11,11.933521270751953,23.074907302856445,27.987178802490234
2022-08-12,12.161297798156738,23.055871963500977,28.140533447265625
2022-08-15,12.111780166625977,22.56086540222168,27.555871963500977
2022-08-16,11.903810501098633,22.751251220703125,28.74437141418457
2022-08-17,12.299943923950195,23.09394645690918,29.281105041503906
2022-08-18,12.834723472595215,24.27434730529785,31.53350067138672
2022-08-19,12.646561622619629,24.48377227783203,31.332225799560547
2022-08-22,12.77530288696289,24.160114288330078,30.97759246826172
2022-08-23,12.864433288574219,24.388580322265625,32.674076080322266
2022-08-24,12.557432174682617,23.322410583496094,32.683658599853516
2022-08-25,12.973370552062988,23.64607048034668,33.41209411621094
2022-08-26,13.220954895019531,23.322410583496094,32.94244384765625
2022-08-29,13.1021146774292,23.627031326293945,34.610172271728516
2022-08-31,12.904047012329102,23.58895492553711,34.437644958496094
2022-09-01,12.597044944763184,22.751251220703125,32.48237609863281
2022-09-02,13.488344192504883,23.76030158996582,32.281105041503906
2022-09-05,14.250901222229004,24.502811431884766,32.34819793701172
2022-09-06,13.963705062866211,24.31242561340332,32.18525695800781
2022-09-07,14.191481590270996,25.016857147216797,32.46321105957031
2022-09-08,13.884478569030762,24.655120849609375,32.15650177001953
2022-09-09,14.518291473388672,24.940702438354492,32.13733673095703
2022-09-12,15.964179039001465,26.654186248779297,32.30986022949219
2022-09-13,14.855005264282227,24.940702438354492,31.57183837890625
2022-09-14,16.340505599975586,25.264360427856445,32.654903411865234
2022-09-15,16.76634979248047,25.37859344482422,32.10858154296875
2022-09-16,16.73663902282715,25.759366989135742,31.897720336914062
2022-09-19,15.06297492980957,24.27434730529785,29.85618782043457
2022-09-20,15.231330871582031,26.311487197875977,29.376955032348633
2022-09-21,15.389784812927246,25.568979263305664,29.3577880859375
2022-09-22,15.31055736541748,26.19725799560547,30.51752471923828
2022-09-23,14.904521942138672,25.85455894470215,29.463212966918945
2022-09-26,14.93423080444336,25.264360427856445,28.821044921875
2022-09-27,14.696551322937012,25.34051513671875,28.27471923828125
2022-09-28,14.231094360351562,24.788394927978516,28.22679328918457
2022-09-29,14.805488586425781,24.46473503112793,28.32263946533203
2022-09-30,14.508387565612793,24.198190689086914,27.757150650024414
2022-10-03,15.785917282104492,25.835521697998047,30.52711296081543
2022-10-04,15.508624076843262,26.044946670532227,32.15650177001953
2022-10-05,15.330364227294922,26.996883392333984,32.53989028930664
2022-10-06,15.568044662475586,28.044010162353516,33.25873565673828
2022-10-07,15.587851524353027,28.329591751098633,33.201229095458984
2022-10-10,16.2315673828125,28.59613609313965,33.06704330444336
2022-10-11,15.974081993103027,28.005935668945312,32.923274993896484
2022-10-12,15.65717601776123,27.187267303466797,32.300270080566406
2022-10-13,15.389784812927246,27.07303810119629,31.686857223510742
2022-10-14,15.41949462890625,27.85362434387207,32.022315979003906
2022-10-17,16.191957473754883,29.70037841796875,35.03190231323242
2022-10-18,16.578184127807617,29.60518455505371,34.38972854614258
2022-10-19,16.221664428710938,29.205371856689453,34.50474166870117
2022-10-20,16.102827072143555,29.852689743041992,35.29068374633789
2022-10-21,15.766111373901367,30.46192741394043,36.42167282104492
2022-10-24,15.785917282104492,30.89981460571289,36.536685943603516
2022-10-25,15.795821189880371,32.1944465637207,35.89451599121094
2022-10-26,16.449443817138672,32.36579895019531,35.26192855834961
2022-10-27,16.02359962463379,31.699443817138672,35.7315788269043
2022-10-28,15.746304512023926,30.97597312927246,35.041481018066406
2022-10-31,15.954276084899902,31.623287200927734,36.325828552246094
2022-11-01,16.50886344909668,31.394824981689453,37.3801383972168
2022-11-02,17.766586303710938,31.242511749267578,37.85936737060547
2022-11-03,17.083255767822266,31.35674476623535,39.05744934082031
2022-11-04,17.3902587890625,32.023101806640625,41.041473388671875
2022-11-07,17.657649993896484,33.2415771484375,42.93923568725586
2022-11-08,17.915136337280273,32.93695831298828,42.364158630371094
2022-11-09,18.925275802612305,32.594261169433594,41.27150344848633
2022-11-10,18.83614730834961,33.926971435546875,41.56863021850586
2022-11-11,19.242183685302734,33.62234878540039,41.24275588989258
2022-11-14,20.648456573486328,34.2696647644043,41.175655364990234
2022-11-15,20.37116241455078,34.15543746948242,41.93284606933594
2022-11-16,19.824668884277344,33.47004318237305,41.060646057128906
2022-11-17,20.372034072875977,32.403873443603516,40.629329681396484
2022-11-18,19.764955520629883,32.994075775146484,40.79227066040039
2022-11-21,20.69050407409668,34.02216339111328,41.48237228393555
2022-11-22,21.198062896728516,35.54526138305664,45.143707275390625
2022-11-23,21.884761810302734,36.649505615234375,45.153289794921875
2022-11-24,22.840167999267578,36.36392593383789,44.82740783691406
2022-11-25,23.984664916992188,38.039329528808594,45.402488708496094
2022-11-28,23.39748764038086,38.38202667236328,45.12453842163086
2022-11-29,23.387535095214844,37.0112419128418,46.1405143737793
2022-11-30,24.143898010253906,37.22066879272461,46.13092041015625
2022-12-01,23.755765914916992,37.563358306884766,46.48555374145508
2022-12-02,23.407440185546875,36.916046142578125,46.111751556396484
2022-12-05,24.770883560180664,36.782772064208984,45.35456466674805
2022-12-06,24.402652740478516,38.42010498046875,46.23635482788086
2022-12-07,24.571840286254883,36.9921989440918,44.08939743041992
2022-12-08,25.37796401977539,36.93508529663086,41.77949523925781
2022-12-09,26.621980667114258,37.48720932006836,41.92325973510742
2022-12-12,29.010494232177734,38.153564453125,43.629329681396484
2022-12-13,29.532981872558594,39.29588317871094,45.153289794921875
2022-12-14,28.065044403076172,37.44913101196289,43.33220672607422
2022-12-15,29.010494232177734,37.5443229675293,43.84019088745117
2022-12-16,28.66217041015625,37.6014404296875,43.41847229003906
2022-12-19,29.582744598388672,38.91511535644531,44.95201110839844
2022-12-20,30.354036331176758,39.7337760925293,45.35456466674805
2022-12-21,29.48322296142578,39.14357376098633,45.75712203979492
2022-12-22,28.910974502563477,38.78184127807617,45.536678314208984
2022-12-23,28.86121368408203,39.08646011352539,47.060638427734375
2022-12-26,29.458341598510742,39.67666244506836,48.76670455932617
2022-12-27,28.836334228515625,39.02934265136719,48.52708435058594
2022-12-28,29.060258865356445,39.67666244506836,48.603763580322266
2022-12-29,29.259300231933594,40.971290588378906,48.54624938964844
2022-12-30,30.926284790039062,40.857059478759766,50.7890625
2023-01-02,32.145423889160156,42.513423919677734,51.25871658325195
2023-01-03,34.3846549987793,43.884212493896484,50.2714958190918
2023-01-04,32.41910171508789,42.799007415771484,49.121341705322266
2023-01-05,30.926284790039062,41.44725799560547,47.88491439819336
2023-01-06,31.299489974975586,41.48533630371094,48.718780517578125
2023-01-09,29.408580780029297,39.86704635620117,47.99993133544922
2023-01-10,28.935853958129883,38.87703323364258,45.55584716796875
2023-01-11,26.27365493774414,36.382965087890625,45.33539962768555
2023-01-12,27.816238403320312,38.05836868286133,49.27468490600586
2023-01-13,27.492795944213867,37.86798095703125,48.90088653564453
2023-01-16,28.836334228515625,39.600502014160156,51.78586959838867
2023-01-17,29.309059143066406,41.65668487548828,54.59416961669922
2023-01-18,31.374130249023438,41.29494857788086,56.16605758666992
2023-01-19,30.702360153198242,42.22784423828125,55.98394012451172
2023-01-20,31.075565338134766,42.208805084228516,57.09576416015625
2023-01-23,30.30427360534668,40.66667556762695,58.41843795776367
2023-01-24,31.3492488861084,40.457244873046875,59.6261100769043
2023-01-25,30.677480697631836,39.94320297241211,60.09575653076172
2023-01-26,30.32915687561035,39.37204360961914,58.96477508544922
2023-01-27,30.62771987915039,39.8289680480957,60.833770751953125
2023-01-30,29.383699417114258,38.553375244140625,57.920040130615234
2023-01-31,28.26408576965332,37.63951873779297,56.68362045288086
2023-02-01,26.39805793762207,36.4591178894043,53.93283462524414
2023-02-02,26.597103118896484,37.96317672729492,52.878517150878906
2023-02-03,28.5875301361084,40.971290588378906,57.41205596923828
2023-02-06,29.259300231933594,40.590518951416016,55.48554229736328
2023-02-07,26.348297119140625,36.954124450683594,50.098968505859375
2023-02-08,23.735858917236328,34.76467514038086,46.72517776489258
2023-02-15,28.960735321044922,40.64763641357422,55.1021614074707
2023-02-16,28.338726043701172,43.0845832824707,60.42163848876953
2023-02-17,27.816238403320312,42.74189376831055,59.808223724365234
2023-02-20,27.243989944458008,45.2169189453125,59.07019805908203
2023-02-21,27.069828033447266,44.45537185668945,57.89129638671875
2023-02-22,27.368391036987305,43.42728042602539,56.26189422607422
2023-02-23,27.044946670532227,43.56055450439453,56.2139778137207
2023-02-24,26.5224609375,42.361114501953125,57.469566345214844
2023-02-27,27.592315673828125,43.846134185791016,57.50790786743164
2023-02-28,27.467912673950195,44.93134307861328,56.846561431884766
2023-03-01,27.61719512939453,46.39731979370117,57.48874282836914
2023-03-02,27.542552947998047,45.50250244140625,57.757102966308594
2023-03-03,27.169347763061523,44.70287322998047,58.51429748535156
2023-03-06,27.716718673706055,47.73955535888672,59.654869079589844
2023-03-07,27.816238403320312,46.47347640991211,61.907257080078125
2023-03-08,28.338726043701172,46.53059387207031,61.725154876708984
2023-03-09,28.98561668395996,45.90231704711914,61.245914459228516
2023-03-10,28.214324951171875,45.064613342285156,60.27729415893555
2023-03-13,28.288965225219727,44.017486572265625,59.2248649597168
2023-03-14,28.836334228515625,44.18882751464844,57.28509521484375
2023-03-15,27.51767349243164,43.769981384277344,58.49229049682617
2023-03-16,27.96552085876465,45.17884063720703,59.348670959472656
2023-03-17,28.53776741027832,43.750938415527344,57.295413970947266
2023-03-20,27.592315673828125,42.28496170043945,55.02546691894531
2023-03-21,26.5224609375,41.77091979980469,54.79847717285156
2023-03-22,27.368391036987305,42.95131301879883,56.593788146972656
2023-03-23,28.16456413269043,43.52247619628906,56.40807342529297
2023-03-24,28.015281677246094,42.72285079956055,55.07705307006836
2023-03-27,28.189443588256836,41.9232292175293,54.055580139160156
2023-03-28,26.497581481933594,39.98127746582031,52.869022369384766
2023-03-29,26.995187759399414,40.91417694091797,55.35565185546875
2023-03-30,26.348297119140625,40.78090286254883,55.613590240478516
2023-03-31,25.850690841674805,40.28589630126953,54.69529724121094
2023-04-03,25.402843475341797,40.723785400390625,58.234336853027344
2023-04-04,26.472698211669922,42.85612487792969,59.2609748840332
2023-04-05,25.950212478637695,41.561492919921875,57.383113861083984
2023-04-06,26.32341766357422,41.10456466674805,56.04694366455078
2023-04-07,25.950212478637695,40.74282455444336,55.433021545410156
2023-04-10,26.895666122436523,42.28496170043945,56.91365432739258
2023-04-11,26.621980667114258,41.9232292175293,56.55252456665039
2023-04-12,27.393272399902344,42.26592254638672,56.40807342529297
2023-04-13,26.845903396606445,42.361114501953125,56.119171142578125
2023-04-14,26.32341766357422,41.828033447265625,55.252464294433594
2023-04-17,25.90045166015625,41.29494857788086,53.84407043457031
2023-04-18,25.77604866027832,40.24781799316406,53.049583435058594
2023-04-19,26.373178482055664,40.53340148925781,54.421871185302734
2023-04-20,25.850690841674805,39.98127746582031,53.374603271484375
2023-04-24,25.57700538635254,39.88608932495117,53.12181091308594
2023-04-25,24.830596923828125,38.80087661743164,52.002315521240234
2023-04-26,24.104087829589844,37.468170166015625,50.12445831298828
2023-04-27,23.566675186157227,36.744693756103516,50.01612091064453
2023-04-28,22.252992630004883,35.08833312988281,47.88547134399414
2023-05-02,21.456817626953125,34.9360237121582,47.19932174682617
2023-05-03,21.088592529296875,35.56429672241211,49.83555603027344
2023-05-04,20.899499893188477,35.52621841430664,48.21048355102539
2023-05-05,20.103330612182617,35.06929397583008,46.87431335449219
2023-05-08,20.720361709594727,36.55431365966797,48.21048355102539
2023-05-09,19.924190521240234,35.69757080078125,47.09098434448242
2023-05-10,19.4166316986084,34.97410202026367,46.946537017822266
2023-05-11,20.879592895507812,38.458187103271484,51.64119338989258
2023-05-12,20.53127098083496,37.94414138793945,51.28006362915039
2023-05-15,20.163042068481445,34.840824127197266,46.36872863769531
2023-05-16,21.277679443359375,36.26872634887695,48.102142333984375
2023-05-17,21.536436080932617,37.049312591552734,49.185523986816406
2023-05-18,20.98906898498535,35.58333969116211,47.34377670288086
2023-05-22,20.700456619262695,35.03121566772461,46.224281311035156
2023-05-23,20.541221618652344,34.61236572265625,47.37989044189453
2023-05-24,20.1331844329834,33.90793228149414,46.513187408447266
2023-05-25,20.023712158203125,33.86985397338867,46.15205764770508
2023-05-26,21.765336990356445,35.602378845214844,47.45211410522461
2023-05-29,23.93490219116211,37.887020111083984,49.25775146484375
2023-05-30,24.382749557495117,40.11454772949219,50.19668197631836
2023-05-31,23.636337280273438,39.055477142333984,48.391048431396484
2023-06-01,23.735858917236328,39.59737777709961,48.860511779785156
2023-06-02,24.412607192993164,40.33281326293945,50.305023193359375
2023-06-05,25.427722930908203,42.016571044921875,52.79679870605469
2023-06-06,25.90045166015625,41.49402618408203,52.941253662109375
2023-06-07,27.02006721496582,44.2615852355957,55.938602447509766
2023-06-08,27.169347763061523,43.54550552368164,56.08305740356445
2023-06-09,27.666954040527344,43.46808624267578,55.97471618652344
2023-06-12,26.94542694091797,42.906837463378906,55.75803756713867
2023-06-13,25.87557029724121,41.43596649169922,53.44683074951172
2023-06-14,25.99997329711914,40.25539779663086,52.002315521240234
2023-06-15,26.32341766357422,40.894065856933594,53.7357292175293
2023-06-16,26.149255752563477,40.87471389770508,52.760684967041016
2023-06-19,24.631553649902344,39.13288879394531,51.93009948730469
2023-06-20,24.123992919921875,38.82323455810547,52.724571228027344
2023-06-21,24.382749557495117,38.3587532043457,52.255104064941406
2023-06-22,25.601886749267578,41.784332275390625,54.27742385864258
2023-06-23,26.32341766357422,42.5197639465332,55.433021545410156
2023-06-26,27.293750762939453,43.15842819213867,57.05809783935547
2023-06-27,27.094709396362305,43.02295684814453,57.274776458740234
2023-07-03,28.488008499145508,44.80348205566406,61.391624450683594
2023-07-04,29.632503509521484,44.02934265136719,60.66937255859375
2023-07-05,29.607624053955078,44.68736267089844,61.13883972167969
2023-07-06,29.15977668762207,45.19055938720703,63.59450912475586
2023-07-07,29.383699417114258,45.05508041381836,65.58070373535156
2023-07-10,30.652599334716797,45.306678771972656,65.40013885498047
2023-07-11,31.548294067382812,45.7905158996582,65.47236633300781
2023-07-12,31.4985294342041,45.19055938720703,65.43624877929688
2023-07-13,33.837284088134766,46.35177230834961,64.31676483154297
2023-07-14,34.58369445800781,47.62910461425781,63.99174499511719
2023-07-17,36.82292556762695,49.98056411743164,65.07511901855469
2023-07-18,34.58369445800781,47.37751007080078,62.475006103515625
2023-07-19,35.628665924072266,48.325828552246094,64.60565185546875
2023-07-20,36.648765563964844,48.345184326171875,65.72515106201172
2023-07-21,35.9272346496582,47.067848205566406,66.0140609741211
2023-07-24,34.98178482055664,46.37112045288086,66.33907318115234
2023-07-25,35.28034591674805,45.5776252746582,67.49467468261719
2023-07-26,36.97220993041992,47.125911712646484,67.38633728027344
2023-07-27,36.44972229003906,47.3968620300293,69.7336654663086
2023-07-28,37.1463737487793,48.325828552246094,71.43096160888672
2023-07-31,37.121490478515625,51.67399978637695,74.68110656738281
2023-08-01,37.09661102294922,50.5611686706543,73.16437530517578
2023-08-02,39.161678314208984,51.867530822753906,73.52550506591797
2023-08-03,38.06694793701172,50.9482421875,71.86431121826172
2023-08-04,38.16646194458008,53.07712936401367,74.89778137207031
2023-08-07,39.01239776611328,51.480464935302734,75.18668365478516
2023-08-08,37.81814193725586,49.78702926635742,73.52550506591797
2023-08-09,38.564552307128906,50.22248077392578,77.28121948242188
2023-08-10,37.270774841308594,48.38389205932617,75.6922607421875
2023-08-11,39.03727722167969,50.077327728271484,80.17023468017578
2023-08-14,38.76359558105469,49.35157012939453,83.05925750732422
2023-08-15,39.31096649169922,49.35157012939453,82.62590789794922
2023-08-16,37.07173538208008,48.867733001708984,86.09272003173828
2023-08-17,36.87268829345703,49.883792877197266,88.83728790283203
2023-08-18,35.15594482421875,47.84199142456055,91.72630310058594
2023-08-21,36.74828338623047,49.109649658203125,100.89893341064453
2023-08-22,36.42483901977539,48.48065948486328,100.39336395263672
2023-08-23,36.20092010498047,48.81935119628906,93.53195190429688
2023-08-24,36.82292556762695,46.816253662109375,91.72630310058594
2023-08-25,37.59919357299805,49.641876220703125,96.42096710205078
2023-08-28,39.171634674072266,51.625614166259766,106.02694702148438
2023-08-29,38.455081939697266,50.706321716308594,102.70458221435547
2023-08-31,38.335655212402344,49.59348678588867,101.91010284423828
2023-09-01,38.534698486328125,49.98056411743164,103.06570434570312
2023-09-04,38.375465393066406,50.22248077392578,104.6546630859375
2023-09-05,38.31574630737305,52.061065673828125,106.02694702148438
2023-09-06,40.9829216003418,52.593292236328125,104.00463104248047
2023-09-07,41.79899978637695,52.690059661865234,104.58244323730469
2023-09-08,43.29182052612305,52.1578369140625,103.86019897460938
2023-09-11,41.32129669189453,52.835208892822266,101.26006317138672
2023-09-12,42.55535888671875,52.496524810791016,102.8490219116211
2023-09-13,41.10234832763672,53.464202880859375,101.83787536621094
2023-09-14,41.50043487548828,54.770565032958984,104.36576843261719
2023-09-15,40.62464904785156,52.786827087402344,102.1989974975586
2023-09-18,38.25603485107422,50.27086639404297,100.03224182128906
2023-09-19,39.41048049926758,50.36763000488281,104.6546630859375
2023-09-20,37.81814193725586,49.44833755493164,102.05455017089844
2023-09-21,39.66924285888672,51.23854064941406,106.74920654296875
2023-09-22,40.32608413696289,52.93198013305664,111.29940795898438
2023-09-25,42.09756088256836,53.41582107543945,119.89424133300781
2023-09-26,40.80378723144531,51.867530822753906,122.56658172607422
2023-09-27,40.405696868896484,52.35136795043945,118.2330551147461
2023-09-28,40.12704086303711,51.77076721191406,118.4497299194336
2023-09-29,40.60474395751953,52.88359451293945,126.44255828857422
2023-10-02,41.3411979675293,53.94804000854492,125.09066772460938
2023-10-03,41.10234832763672,54.673797607421875,123.26160430908203
2023-10-04,40.38579559326172,52.54490661621094,117.53592681884766
2023-10-05,41.46062469482422,53.028743743896484,120.16019439697266
2023-10-06,40.72416687011719,52.25460433959961,117.45637512207031
2023-10-09,43.67000198364258,50.657936096191406,117.61542510986328
2023-10-10,42.67478942871094,51.625614166259766,117.37686920166016
2023-10-11,41.77909851074219,51.23854064941406,114.83209991455078
2023-10-12,42.893733978271484,50.416011810302734,117.05877685546875
2023-10-13,42.39612579345703,50.22248077392578,116.50210571289062
2023-10-16,40.30617904663086,50.12571334838867,111.7306900024414
2023-10-17,40.72416687011719,51.045005798339844,114.83209991455078
2023-10-18,39.510005950927734,49.54510498046875,112.287353515625
2023-10-19,40.90330505371094,49.109649658203125,106.08450317382812
2023-10-20,39.92799377441406,47.93876266479492,102.82404327392578
2023-10-23,40.60474395751953,48.432273864746094,107.59546661376953
2023-10-24,41.73928451538086,49.109649658203125,108.94735717773438
2023-10-25,39.450294494628906,45.88728332519531,102.18785858154297
2023-10-26,41.2615852355957,47.51298141479492,108.07260131835938
2023-10-27,41.67957305908203,47.93876266479492,110.21974182128906
2023-10-30,41.67957305908203,47.145267486572266,112.44640350341797
2023-10-31,41.14215850830078,45.809871673583984,112.84402465820312
2023-11-01,41.3411979675293,46.02275848388672,115.30924987792969
2023-11-02,43.19230270385742,46.10017395019531,117.2973403930664
2023-11-03,43.21220016479492,47.20332717895508,118.96735382080078
2023-11-06,44.12779998779297,47.76457977294922,121.83019256591797
2023-11-07,42.97335433959961,47.51298141479492,118.49018859863281
2023-11-08,42.69469451904297,47.222679138183594,119.52400207519531
2023-11-09,42.475746154785156,47.28074264526367,119.7625732421875
2023-11-10,41.95823287963867,46.87431335449219,119.12638854980469
2023-11-13,40.92321014404297,46.02275848388672,116.89972686767578
2023-11-14,41.12225341796875,46.89366912841797,121.03495788574219
2023-11-15,40.80378723144531,46.719486236572266,120.63733673095703
2023-11-16,41.540245056152344,47.41621398925781,122.54591369628906
2023-11-17,42.017948150634766,47.31945037841797,122.06875610351562
2023-11-20,44.386558532714844,47.996822357177734,122.1482925415039
2023-11-21,46.23765182495117,48.81935119628906,122.86399841308594
2023-11-22,46.06587600708008,48.52904510498047,123.7387466430664
2023-11-23,46.384944915771484,47.60974884033203,119.20590209960938
2023-11-24,47.66122817993164,47.76457977294922,119.68304443359375
2023-11-27,49.25658416748047,48.38389205932617,124.05685424804688
2023-11-28,48.39908218383789,48.38389205932617,124.05685424804688
2023-11-29,47.86064529418945,49.01288604736328,123.18209075927734
2023-11-30,48.69820785522461,47.667808532714844,121.59162139892578
2023-12-01,48.359195709228516,47.33879852294922,121.90972900390625
2023-12-04,48.95745086669922,47.37751007080078,122.54591369628906
2023-12-05,49.43606185913086,46.835609436035156,123.1025619506836
2023-12-06,47.162681579589844,45.38409423828125,119.20590209960938
2023-12-07,46.68407440185547,46.42918395996094,123.26160430908203
2023-12-08,46.045928955078125,45.90663528442383,121.35305786132812
2023-12-11,46.045928955078125,45.15184783935547,118.33116149902344
2023-12-12,45.686973571777344,45.422794342041016,116.89972686767578
2023-12-13,45.22831344604492,44.47447204589844,114.59355163574219
2023-12-14,46.4647102355957,45.77116012573242,120.63733673095703
2023-12-15,49.45600128173828,46.913021087646484,120.2397232055664
2023-12-18,47.382041931152344,45.8292236328125,116.34307098388672
2023-12-19,48.25948715209961,45.88728332519531,117.13829040527344
2023-12-20,45.88639831542969,45.46150588989258,119.04685974121094
2023-12-21,47.48175048828125,46.11952590942383,121.27352142333984
2023-12-22,45.467613220214844,44.88090133666992,115.15021514892578
2023-12-25,44.05173873901367,43.99063491821289,110.537841796875
2023-12-26,43.393653869628906,44.24223327636719,114.11640930175781
2023-12-27,42.895103454589844,45.32603073120117,116.26354217529297
2023-12-28,44.649993896484375,45.19055938720703,114.99116516113281
2023-12-29,44.84941482543945,44.3390007019043,113.71878051757812
2024-01-02,46.76384353637695,44.66801071166992,114.51400756835938
2024-01-03,46.4647102355957,43.100372314453125,111.7306900024414
2024-01-04,47.32221221923828,44.02934265136719,114.27544403076172
2024-01-05,47.30227279663086,44.319644927978516,114.35497283935547
2024-01-08,47.50168991088867,46.42918395996094,111.33306884765625
2024-01-09,46.80372619628906,45.67439651489258,109.82212829589844
2024-01-10,47.342159271240234,46.89366912841797,111.09449768066406
2024-01-11,46.743900299072266,46.255001068115234,111.01498413085938
2024-01-12,47.40198516845703,46.19694137573242,111.09449768066406
2024-01-15,47.48175048828125,46.680782318115234,112.04878234863281
2024-01-16,47.9404182434082,46.97108459472656,113.87782287597656
2024-01-17,48.15977478027344,46.44853591918945,113.0030746459961
2024-01-18,48.25948715209961,46.27435302734375,111.2535400390625
2024-01-19,47.32221221923828,46.44853591918945,110.77641296386719
2024-01-22,46.98320388793945,46.27435302734375,112.287353515625
2024-01-23,47.12279510498047,45.67439651489258,111.33306884765625
2024-01-24,48.25948715209961,46.177589416503906,113.3211669921875
2024-01-25,48.33925247192383,46.33241653442383,115.15021514892578
2024-01-26,49.03722381591797,47.53233337402344,117.37686920166016
2024-01-29,51.25077819824219,48.26777267456055,121.1144790649414
2024-01-30,50.70237350463867,47.82263946533203,119.52400207519531
2024-01-31,50.45309829711914,47.70651626586914,119.28543853759766
2024-02-01,51.151065826416016,48.916114807128906,123.02304077148438
2024-02-02,51.001502990722656,48.364540100097656,123.50018310546875
2024-02-05,52.19801712036133,48.38389205932617,123.34113311767578
2024-02-06,52.148162841796875,48.48065948486328,122.86399841308594
2024-02-07,51.10121154785156,48.62581253051758,122.70494842529297
2024-02-08,51.20092010498047,50.51278305053711,125.48828125
2024-02-09,51.94874572753906,50.174095153808594,125.40874481201172
2024-02-12,53.29482650756836,50.609554290771484,129.4644775390625
2024-02-13,54.790470123291016,49.35157012939453,127.71493530273438
2024-02-14,54.74061965942383,50.754703521728516,130.8958740234375
2024-02-15,55.68785858154297,51.19015884399414,133.12254333496094
2024-02-16,58.130741119384766,51.33530807495117,132.804443359375
2024-02-19,58.33016586303711,50.851470947265625,137.5758514404297
2024-02-20,59.377113342285156,51.867530822753906,136.22398376464844
2024-02-21,60.22465133666992,50.89985275268555,131.37303161621094
2024-02-22,62.21884536743164,50.706321716308594,130.4187469482422
2024-02-23,63.11623001098633,50.657936096191406,130.49826049804688
2024-02-26,66.30694580078125,49.883792877197266,127.71493530273438
2024-02-27,63.06637191772461,49.0612678527832,127.39684295654297
2024-02-28,60.72319793701172,48.916114807128906,128.43064880371094
2024-02-29,59.825809478759766,49.49672317504883,128.6692352294922
2024-03-01,59.028133392333984,48.72257995605469,131.05494689941406
2024-03-04,58.38002014160156,49.15803527832031,128.3511199951172
2024-03-05,56.43567657470703,47.31945037841797,131.2935028076172
2024-03-06,54.74061965942383,46.35177230834961,134.39491271972656
2024-03-07,57.08379364013672,47.41621398925781,136.06492614746094
2024-03-08,58.38002014160156,47.454925537109375,135.3491973876953
2024-03-11,56.43567657470703,47.41621398925781,133.04302978515625
2024-03-12,55.63800048828125,46.52595520019531,131.8501739501953
2024-03-13,55.43858337402344,45.713104248046875,129.7825469970703
2024-03-14,56.236263275146484,46.23564910888672,131.53207397460938
2024-03-15,57.48263168334961,45.96469497680664,129.62350463867188
2024-03-18,54.989891052246094,45.364742279052734,131.37303161621094
2024-03-19,56.036842346191406,45.7905158996582,138.13255310058594
2024-03-20,55.787567138671875,45.55827713012695,136.62159729003906
2024-03-21,57.73190689086914,45.55827713012695,138.37110900878906
2024-03-22,56.186405181884766,46.21629333496094,136.78062438964844
2024-03-25,55.03974533081055,45.53892135620117,135.19015502929688
2024-03-26,52.84613037109375,44.087406158447266,134.7130126953125
2024-03-27,55.53829574584961,43.564857482910156,134.9515838623047
2024-03-28,55.28902053833008,44.009986877441406,140.6772918701172
2024-03-29,55.937129974365234,44.745426177978516,140.75682067871094
2024-04-01,54.74061965942383,44.938961029052734,141.9496612548828
2024-04-02,52.2977294921875,43.52614974975586,139.8025360107422
2024-04-03,52.2977294921875,43.15842819213867,137.58822631835938
2024-04-04,53.69366455078125,44.938961029052734,143.5886688232422
2024-04-05,58.28030776977539,47.145267486572266,151.87100219726562
2024-04-08,58.629295349121094,47.358150482177734,154.74447631835938
2024-04-15,57.93132400512695,46.11952590942383,154.6599578857422
2024-04-16,58.38002014160156,45.73245620727539,157.1953582763672
2024-04-17,57.53248977661133,45.19055938720703,157.61795043945312
2024-04-18,57.48263168334961,45.15184783935547,157.11085510253906
2024-04-19,58.52958297729492,45.67439651489258,160.4914093017578
2024-04-22,57.63219451904297,46.52595520019531,159.3082275390625
2024-04-24,58.130741119384766,47.24203109741211,158.71661376953125
2024-04-25,57.2832145690918,47.125911712646484,160.2378692626953
2024-04-26,58.92842102050781,48.81935119628906,162.3507080078125
2024-04-29,61.86985397338867,49.69025802612305,165.64674377441406
2024-04-30,60.573631286621094,48.770965576171875,165.4777069091797
2024-05-02,61.91971206665039,50.12571334838867,172.40782165527344
2024-05-03,62.0194206237793,49.738643646240234,170.12596130371094
2024-05-06,62.21884536743164,49.54510498046875,169.44985961914062
2024-05-07,62.11913299560547,50.46440124511719,167.59056091308594
2024-05-08,62.21884536743164,49.78702926635742,162.8577880859375
2024-05-09,63.215938568115234,50.31924819946289,159.8153076171875
2024-05-10,63.215938568115234,51.23854064941406,158.20953369140625
2024-05-13,62.21884536743164,50.657936096191406,156.18121337890625
2024-05-14,60.67333984375,51.14177322387695,155.1670379638672
2024-05-15,59.77595520019531,49.98056411743164,153.3922576904297
2024-05-16,60.523780822753906,50.5611686706543,152.80067443847656
2024-05-17,61.271602630615234,51.528846740722656,159.8153076171875
2024-05-20,62.0194206237793,52.1578369140625,162.18167114257812
2024-05-21,61.221744537353516,53.2222785949707,164.3790283203125
2024-05-22,61.32145690917969,53.464202880859375,164.7170867919922
2024-05-23,60.32435989379883,52.64167785644531,162.5197296142578
2024-05-24,59.07798385620117,51.819149017333984,160.8294677734375
2024-05-27,59.87566375732422,52.448143005371094,159.9843292236328
2024-05-28,59.426971435546875,52.496524810791016,158.4630889892578
2024-05-29,57.3829231262207,51.383689880371094,157.02635192871094
2024-05-30,59.92551803588867,51.480464935302734,154.57545471191406
2024-05-31,58.479732513427734,48.712501525878906,149.33560180664062
2024-06-03,60.22465133666992,48.025856018066406,146.96922302246094
2024-06-04,59.028133392333984,47.31959533691406,142.49000549316406
2024-06-05,58.828712463378906,47.45692443847656,141.13778686523438
2024-06-06,60.27450180053711,47.47654342651367,138.2643280029297
2024-06-07,60.47392272949219,47.280357360839844,138.51785278320312
2024-06-10,58.130741119384766,46.377906799316406,137.1656494140625
2024-06-11,56.83451843261719,46.14249038696289,135.98245239257812
2024-06-12,57.432777404785156,46.515235900878906,138.6023712158203
2024-06-13,59.97537612915039,47.1822624206543,140.37716674804688
2024-06-14,59.177696228027344,47.43730545043945,141.13778686523438
2024-06-20,60.523780822753906,48.39860534667969,145.447998046875
2024-06-21,61.32145690917969,47.888526916503906,144.34930419921875
2024-06-24,61.57073211669922,47.71195983886719,145.02542114257812
2024-06-25,59.72610092163086,46.88798904418945,143.5886688232422
2024-06-26,58.72900390625,46.80951690673828,139.78555297851562
2024-06-27,59.72610092163086,47.633487701416016,142.5745086669922
2024-06-28,58.42987060546875,49.2421989440918,139.8700714111328
2024-07-01,56.08669662475586,47.339210510253906,138.433349609375
2024-07-02,56.78466796875,47.55501174926758,137.25015258789062
2024-07-03,58.33016586303711,48.98715591430664,142.2364501953125
2024-07-04,59.92551803588867,50.32120895385742,147.1382598876953
2024-07-05,60.573631286621094,50.615482330322266,146.54664611816406
2024-07-08,63.11623001098633,49.38933181762695,145.10992431640625
2024-07-09,64.36260223388672,48.81058883666992,142.65902709960938
2024-07-10,64.81129455566406,48.53593444824219,141.98292541503906
2024-07-11,64.71158599853516,49.53647232055664,144.18026733398438
2024-07-12,63.614776611328125,49.04601287841797,142.32098388671875
2024-07-16,63.06637191772461,49.04601287841797,140.71522521972656
2024-07-17,63.315650939941406,49.68361282348633,140.5461883544922
2024-07-18,62.96666717529297,49.2421989440918,140.461669921875
2024-07-19,62.817100524902344,48.6928825378418,139.447509765625
2024-07-22,63.06637191772461,48.33974838256836,137.92625427246094
2024-07-23,64.11332702636719,47.967002868652344,139.02493286132812
2024-07-24,62.617679595947266,47.751197814941406,137.75723266601562
2024-07-25,64.26288604736328,47.31959533691406,136.32049560546875
2024-07-26,64.4124526977539,47.29997634887695,138.0952911376953
2024-07-29,62.517974853515625,46.162109375,137.33465576171875
2024-07-30,62.56782531738281,46.27981948852539,136.5740509033203
2024-07-31,62.31855010986328,46.14249038696289,138.01077270507812
2024-08-01,63.11623001098633,46.88798904418945,138.8559112548828
2024-08-02,60.62348556518555,45.59317398071289,134.4612274169922
2024-08-05,56.585243225097656,42.57194137573242,129.8974609375
2024-08-06,56.08669662475586,42.00300598144531,133.5315399169922
2024-08-07,58.08089065551758,42.92506790161133,137.67271423339844
2024-08-08,59.028133392333984,43.51362228393555,139.447509765625
2024-08-09,57.781761169433594,42.57194137573242,138.01077270507812
2024-08-12,56.88437271118164,41.963768005371094,136.74307250976562
2024-08-13,58.180599212646484,42.179569244384766,137.08111572265625
2024-08-14,57.3829231262207,41.55178451538086,134.37667846679688
2024-08-15,58.52958297729492,42.72888946533203,137.419189453125
2024-08-16,57.58234405517578,42.04224395751953,136.65853881835938
2024-08-19,58.67914581298828,42.82697677612305,139.61654663085938
2024-08-20,57.8814697265625,42.82697677612305,138.6023712158203
2024-08-21,56.43567657470703,42.27766036987305,139.3629913330078
2024-08-22,55.98699188232422,42.3953742980957,138.2643280029297
2024-08-23,54.940032958984375,41.49292755126953,136.0669708251953
2024-08-26,54.34177780151367,41.139793395996094,136.0669708251953
2024-08-27,56.33597183227539,42.27766036987305,139.1939697265625
2024-08-28,56.934226989746094,42.454227447509766,139.78555297851562
2024-08-29,58.2304573059082,42.591556549072266,142.49000549316406
2024-09-02,59.07798385620117,42.72888946533203,144.18026733398438
2024-09-03,57.48263168334961,42.00300598144531,141.22230529785156
2024-09-04,56.635101318359375,41.49292755126953,139.447509765625
2024-09-05,57.333065032958984,41.39483642578125,137.25015258789062
2024-09-06,57.183502197265625,41.19865036010742,136.912109375
2024-09-09,55.837425231933594,40.41391372680664,136.32049560546875
2024-09-10,56.28611755371094,39.92345428466797,135.3063507080078
2024-09-11,54.74061965942383,38.86405944824219,131.67225646972656
2024-09-12,55.787567138671875,39.76650619506836,132.43287658691406
2024-09-13,58.180599212646484,40.70819091796875,137.419189453125
2024-09-16,57.183502197265625,40.04116439819336,138.0952911376953
2024-09-17,57.93132400512695,40.68857192993164,139.5320281982422
2024-09-18,57.58234405517578,40.39429473876953,139.1094512939453
2024-09-19,58.479732513427734,41.10055923461914,142.8280487060547
2024-09-20,59.028133392333984,41.39483642578125,140.20811462402344
2024-09-23,59.12784194946289,41.2967414855957,142.40548706054688
2024-09-24,62.26869583129883,41.8460578918457,144.43380737304688
2024-09-25,60.97247314453125,41.23788833618164,142.8280487060547
2024-09-26,59.07798385620117,40.90437698364258,143.67318725585938
2024-09-27,59.07798385620117,41.86567687988281,144.16123962402344
2024-09-30,59.07798385620117,42.27766036987305,141.0707550048828
2024-10-01,58.2304573059082,40.33544158935547,141.0707550048828
2024-10-02,56.036842346191406,39.099483489990234,139.5255126953125
2024-10-03,57.63219451904297,38.373600006103516,136.79864501953125
2024-10-04,60.97247314453125,39.00138854980469,140.43447875976562
2024-10-07,58.828712463378906,38.49131393432617,138.16207885742188
2024-10-08,57.98118209838867,38.412837982177734,139.70730590820312
2024-10-09,58.579437255859375,38.72673034667969,139.071044921875
2024-10-10,56.5353889465332,37.863521575927734,136.3441619873047
2024-10-11,55.937129974365234,37.059165954589844,134.70802307128906
2024-10-14,55.18930435180664,36.94145584106445,132.2538299560547
2024-10-15,55.837425231933594,37.82428741455078,132.4356231689453
2024-10-16,56.88437271118164,39.27604675292969,133.799072265625
2024-10-17,58.08089065551758,40.35506057739258,133.98085021972656
2024-10-18,59.177696228027344,38.8836784362793,131.79934692382812
2024-10-21,57.432777404785156,38.079322814941406,131.5266571044922
2024-10-22,58.180599212646484,38.8836784362793,132.70831298828125
2024-10-23,60.822906494140625,37.66733932495117,130.61769104003906
2024-10-24,60.67333984375,38.45207595825195,132.70831298828125
2024-10-25,60.67333984375,38.7463493347168,132.79920959472656
2024-10-28,60.025230407714844,39.19757080078125,135.43519592285156
2024-10-30,61.32145690917969,39.472232818603516,134.70802307128906
2024-10-31,60.67333984375,38.393218994140625,131.43577575683594
2024-11-01,63.66463088989258,38.58940124511719,131.8902587890625
2024-11-04,63.315650939941406,37.569244384765625,129.6178436279297
2024-11-05,64.96086120605469,37.883140563964844,128.25442504882812
2024-11-06,63.365501403808594,38.824825286865234,131.25396728515625
2024-11-07,65.16027069091797,39.2956657409668,131.7084503173828
2024-11-08,65.0605697631836,40.02154541015625,133.5263671875
2024-11-11,65.60897064208984,39.5703239440918,132.70831298828125
2024-11-12,65.80838775634766,39.27604675292969,130.890380859375
2024-11-13,67.80258178710938,39.64879608154297,132.89010620117188
2024-11-14,68.15156555175781,40.35506057739258,134.43533325195312
2024-11-15,67.50344848632812,40.10002136230469,134.6171417236328
2024-11-18,67.25418090820312,40.08040237426758,133.799072265625
2024-11-19,67.70287322998047,39.1583366394043,130.4359130859375
2024-11-20,65.80838775634766,38.1970329284668,127.9817123413086
2024-11-21,67.8524398803711,39.41337585449219,131.7084503173828
2024-11-22,68.30113220214844,39.96269226074219,133.0718994140625
2024-11-25,68.91220092773438,40.2569694519043,134.98072814941406
2024-11-26,67.46404266357422,39.76650619506836,134.2535400390625
2024-11-27,68.3129653930664,39.5703239440918,133.1627960205078
2024-11-28,70.06073760986328,39.589942932128906,133.98085021972656
2024-11-29,69.36162567138672,39.78612518310547,133.799072265625
2024-12-02,70.11066436767578,40.43353271484375,133.8899688720703
2024-12-03,70.11066436767578,40.31582260131836,135.16250610351562
2024-12-04,70.2105484008789,40.53162384033203,138.52565002441406
2024-12-05,70.90965270996094,40.57086181640625,137.43490600585938
2024-12-06,71.1093978881836,40.84552001953125,138.2529754638672
2024-12-09,71.15933227539062,42.375755310058594,140.43447875976562
2024-12-10,70.90965270996094,41.59101867675781,139.97999572753906
2024-12-11,69.21182250976562,41.72834777832031,140.07090759277344
2024-12-12,69.1119384765625,41.51254653930664,137.1622314453125
2024-12-13,69.1119384765625,42.2580451965332,137.43490600585938
2024-12-16,67.46404266357422,41.002464294433594,135.07162475585938
2024-12-17,67.96340942382812,40.39429473876953,134.98072814941406
2024-12-18,70.65997314453125,40.92399597167969,132.9810028076172
2024-12-19,69.81105041503906,41.45368957519531,131.25396728515625
2024-12-20,69.711181640625,42.76811981201172,132.2538299560547
2024-12-23,71.95832061767578,43.43514633178711,130.25411987304688
2024-12-24,72.55755615234375,42.55232238769531,129.52694702148438
2024-12-25,73.90583801269531,42.611175537109375,130.70860290527344
2024-12-26,74.30532836914062,42.57194137573242,130.61769104003906
2024-12-27,73.85589599609375,42.866214752197266,131.07217407226562
2024-12-30,73.10684967041016,41.9833869934082,129.52694702148438
2024-12-31,72.40774536132812,40.72780990600586,128.9815673828125
